"","Area_Name","Borough","Area_Type","Year_2016_All","Year_2017_All","Year_2018_All","Year_2019_All","Year_2020_All","Year_2021_All","Year_2016_Studio","Year_2017_Studio","Year_2018_Studio","Year_2019_Studio","Year_2020_Studio","Year_2021_Studio","Year_2016_OneBdr","Year_2017_OneBdr","Year_2018_OneBdr","Year_2019_OneBdr","Year_2020_OneBdr","Year_2021_OneBdr","Year_2016_TwoBdr","Year_2017_TwoBdr","Year_2018_TwoBdr","Year_2019_TwoBdr","Year_2020_TwoBdr","Year_2021_TwoBdr","Year_2016_ThreeBdrs","Year_2017_ThreeBdrs","Year_2018_ThreeBdrs","Year_2019_ThreeBdrs","Year_2020_ThreeBdrs","Year_2021_ThreeBdrs"
"1","All Downtown","Manhattan","submarket",3765,3689,3779,3956,3561,3583,2795,2738,2779,2925,2605,2626,3590,3508,3564,3804,3428,3519,4771,4527,4497,4727,4270,4114,7115,6478,6464,7224,6275,5873
"2","All Midtown","Manhattan","submarket",3516,3471,3474,3637,3249,3313,2613,2569,2559,2678,2404,2378,3509,3462,3456,3611,3221,3342,5013,4883,4730,4953,4377,4793,6432,6339,6006,6165,5393,5969
"3","All Upper East Side","Manhattan","submarket",2979,2960,2912,3057,2881,2570,2123,2088,2094,2156,2042,1896,2831,2811,2799,2920,2770,2522,3808,3858,3679,4015,3816,3325,8553,8146,7924,8632,8227,7044
"4","All Upper Manhattan","Manhattan","submarket",2363,2335,2343,2408,2351,2250,1645,1685,1730,1765,1746,1692,1927,1955,1967,2026,2013,1925,2408,2422,2440,2504,2438,2360,3161,3129,3138,3193,3045,2902
"5","All Upper West Side","Manhattan","submarket",3450,3348,3334,3482,3171,3092,2328,2289,2276,2349,2149,2114,3191,3101,3096,3287,2985,2916,4726,4507,4586,4535,4351,4534,8272,7616,7093,7229,6914,6517
"6","Astoria","Queens","neighborhood",2289,2228,2178,2279,2191,2045,1742,1719,1737,1704,1647,1617,1968,1906,1890,1962,1930,1819,2372,2317,2295,2351,2296,2177,3002,2950,2867,2925,2865,2782
"7","Auburndale","Queens","neighborhood",1820,2044,2122,2009,1836,2001,0,0,0,0,0,0,0,0,148,0,133,0,154,0,0,171,0,0,0,427,221,0,0,0
"8","Bath Beach","Brooklyn","neighborhood",2041,1943,1825,1743,1689,1738,0,0,0,0,0,0,0,360,1154,1614,945,1612,0,931,1712,1558,317,1852,2342,1773,1954,1016,217,1735
"9","Battery Park City","Manhattan","neighborhood",4533,4224,4496,4800,4158,4090,3057,2937,3075,3198,2894,3119,3656,3563,3690,3961,3567,3692,6600,6845,6553,6842,6699,6592,11418,11420,12238,11495,9292,8782
"10","Bay Ridge","Brooklyn","neighborhood",2038,1941,1958,1944,1947,1767,1038,1443,1496,1514,1505,1431,1652,1640,1685,1699,1720,1670,2204,2156,2131,2207,2201,2143,2633,2541,2537,2619,2534,2572
"11","Baychester","Bronx","neighborhood",0,0,0,0,0,0,0,0,0,0,0,0,0,0,0,0,0,0,0,0,0,0,0,0,0,0,0,0,0,0
"12","Bayside","Queens","neighborhood",2367,2417,2356,2121,2022,2044,0,0,0,0,138,0,779,640,565,1872,1870,1870,917,1760,1125,2176,2025,1361,2759,2736,2628,2188,680,1321
"13","Bedford Park","Bronx","neighborhood",1455,1522,1559,1696,1269,1704,430,0,0,0,0,0,1454,1123,0,1071,559,0,583,0,0,156,0,0,0,0,0,0,0,0
"14","Bedford-Stuyvesant","Brooklyn","neighborhood",2422,2410,2472,2547,2463,2457,1750,1790,1896,1854,1803,1814,2018,2058,2126,2223,2160,2135,2351,2341,2426,2500,2414,2374,2906,2883,2890,2987,2839,2845
"15","Bellerose","Queens","neighborhood",498,0,0,0,0,0,0,0,0,0,0,0,0,0,0,0,0,0,0,0,0,0,0,0,0,0,0,0,0,0
"16","Belmont","Bronx","neighborhood",1601,1701,1829,2080,2073,2131,0,0,0,0,0,0,0,0,131,129,0,315,411,1564,1586,1698,634,574,300,200,1592,2172,1071,1604
"17","Bensonhurst","Brooklyn","neighborhood",1831,1784,1822,1785,1771,1681,0,0,464,106,171,130,1224,1265,1566,1584,1612,1539,1510,1719,1878,1948,1782,1884,1871,998,2198,1808,385,2125
"18","Bergen Beach","Brooklyn","neighborhood",500,1392,1484,1473,204,392,0,0,0,0,0,0,0,0,0,0,0,0,0,0,0,0,0,0,0,731,0,192,0,0
"19","Boerum Hill","Brooklyn","neighborhood",3048,3104,3170,3270,3124,2803,1447,2093,1979,2244,2093,1487,2575,2695,2602,2721,2601,2576,3433,3338,3632,3644,3503,3208,4716,4913,4771,6101,4586,4055
"20","Borough Park","Brooklyn","neighborhood",1827,1807,1778,1915,1828,1815,156,0,0,0,0,0,1559,1605,1572,1624,1497,1574,1926,1942,1714,1992,1756,1900,371,802,816,1228,1426,1485
"21","Briarwood","Queens","neighborhood",1718,1730,1761,1786,1750,1725,443,906,265,617,1085,1449,1672,1611,1655,1709,1725,1722,1880,1908,2019,2057,1768,2031,233,229,0,450,208,0
"22","Brighton Beach","Brooklyn","neighborhood",1964,2123,2056,2037,2052,1930,383,487,381,915,782,1233,1746,1787,1813,1898,1853,1754,2440,2454,2386,2347,2302,2318,1353,822,441,0,0,0
"23","Bronx","Bronx","borough",1652,1736,1867,1915,1965,1978,1298,1383,1442,1498,1596,1591,1458,1530,1583,1648,1698,1715,1802,1859,1961,1996,2107,2162,2340,2391,2395,2461,2551,2616
"24","Bronxwood","Bronx","neighborhood",502,1528,1602,1763,964,1662,0,0,0,0,0,0,117,1093,1277,953,271,490,0,141,146,158,0,0,0,0,0,392,0,0
"25","Brooklyn","Brooklyn","borough",2594,2525,2550,2609,2587,2508,2058,2090,2100,2176,2107,2037,2328,2244,2240,2296,2337,2178,2588,2503,2518,2581,2585,2469,3113,3023,3003,3091,3044,2943
"26","Brooklyn Heights","Brooklyn","neighborhood",3180,3112,3142,3482,3237,2985,2168,2157,2148,2483,2216,2141,2865,2868,2902,3302,2972,2935,4213,4440,4425,5250,4645,4814,6198,7960,8854,9566,8418,9174
"27","Brookville","Queens","neighborhood",0,0,0,0,0,0,0,0,0,0,0,0,0,0,0,0,0,0,0,0,0,0,0,0,0,0,0,0,0,0
"28","Brownsville","Brooklyn","neighborhood",1637,1749,1829,2045,2032,1974,0,0,0,0,0,150,1402,1428,891,530,399,1465,1670,1745,1802,1885,1590,1932,1676,1624,1670,2368,1440,2102
"29","Bushwick","Brooklyn","neighborhood",2574,2541,2570,2676,2572,2557,1783,1854,2039,2163,2086,2160,2056,2116,2182,2430,2376,2295,2341,2323,2380,2537,2420,2410,2990,2934,2864,3048,2853,2795
"30","Cambria Heights","Queens","neighborhood",0,0,0,0,0,0,0,0,0,0,0,0,0,0,0,0,0,0,0,0,0,0,0,0,0,0,0,0,0,0
"31","Canarsie","Brooklyn","neighborhood",1820,1977,2121,2062,2238,2094,0,0,0,0,0,0,0,112,0,277,0,0,451,742,1092,1631,845,1440,173,1874,2310,2138,1623,1020
"32","Carroll Gardens","Brooklyn","neighborhood",3010,2881,3001,3150,3040,2778,654,1171,2121,1835,2314,2016,2503,2475,2556,2670,2524,2495,3239,3223,3339,3754,3558,3262,5052,4950,4538,5149,5005,4351
"33","Castle Hill","Bronx","neighborhood",1249,1682,1004,435,0,0,221,0,0,0,0,0,608,245,0,129,0,0,296,783,292,0,0,0,593,189,0,0,0,0
"34","Central Harlem","Manhattan","neighborhood",2457,2419,2483,2564,2484,2370,1662,1700,1743,1780,1746,1713,2058,2070,2181,2225,2169,2098,2547,2567,2690,2789,2700,2587,3490,3578,3511,3669,3391,3052
"35","Central Park South","Manhattan","neighborhood",7509,7011,7539,7180,7078,7330,3352,3012,1986,2178,1779,2461,6722,6304,6410,6031,5426,6001,10025,9675,9936,10397,10850,10406,13838,11542,0,0,17185,14018
"36","Central Queens","Queens","submarket",2118,2120,2116,2169,2138,2077,1539,1528,1565,1603,1602,1574,1802,1814,1823,1872,1865,1841,2200,2224,2220,2305,2300,2279,2827,2766,2745,2801,2729,2651
"37","Chelsea","Manhattan","neighborhood",3981,3904,4014,4271,3732,3942,2818,2772,2827,3026,2680,2724,3922,3866,3933,4267,3681,4052,6199,5716,5835,5988,5394,5696,8366,6755,8291,8959,8226,8591
"38","Chinatown","Manhattan","neighborhood",2820,2808,2747,2809,2759,2506,485,887,527,1082,1261,1430,2353,2379,2237,2343,2161,2157,3142,3106,2852,3006,3013,2917,2028,4322,4225,4383,3147,2829
"39","City Island","Bronx","neighborhood",0,0,0,0,0,0,0,0,0,0,0,0,0,0,0,0,0,0,0,0,0,0,0,0,0,0,0,0,0,0
"40","Civic Center","Manhattan","neighborhood",0,0,0,0,0,0,0,0,0,0,0,0,0,0,0,0,0,0,0,0,0,0,0,0,0,0,0,0,0,0
"41","Clearview","Queens","neighborhood",0,0,0,0,383,0,0,0,0,0,0,0,0,0,0,0,0,0,0,0,0,0,0,0,0,0,0,0,0,0
"42","Clinton Hill","Brooklyn","neighborhood",2703,2675,2754,3041,2857,2781,1915,1943,2065,2280,2018,2126,2423,2400,2498,2715,2514,2574,2780,2791,3039,3237,3088,3167,3970,3959,4249,4371,4190,3860
"43","Co-op City","Bronx","neighborhood",0,0,0,0,0,0,0,0,0,0,0,0,0,0,0,0,0,0,0,0,0,0,0,0,0,0,0,0,0,0
"44","Cobble Hill","Brooklyn","neighborhood",3129,2973,3165,3410,3098,2948,2045,2122,1526,923,1642,2212,2656,2555,2728,2786,2687,2715,3493,3552,3495,3674,3532,3650,4994,4520,5707,3934,4840,3091
"45","College Point","Queens","neighborhood",183,733,879,181,0,0,0,0,0,0,0,0,0,0,0,0,0,0,0,0,0,0,0,0,0,392,198,0,0,0
"46","Columbia St Waterfront District","Brooklyn","neighborhood",2911,2666,2806,2874,2739,2521,0,0,0,0,150,207,1768,2315,2451,1838,2184,2121,3050,2973,2689,3032,1938,1672,2953,1704,2634,3339,1649,0
"47","Concourse","Bronx","neighborhood",1564,1628,1749,1740,1780,1870,204,218,726,765,381,594,1312,1491,1425,1608,1681,1648,1720,1812,1613,1929,1659,2057,0,612,1605,962,632,1760
"48","Coney Island","Brooklyn","neighborhood",2146,2160,2208,2206,2306,2163,0,0,0,169,1061,1669,1223,954,1355,1619,2285,2104,2302,2344,1593,440,2895,3061,217,0,0,0,0,0
"49","Corona","Queens","neighborhood",1831,1859,2006,2115,1879,1709,1214,983,376,252,1027,1241,1775,1816,1046,945,1829,1657,1511,1492,1167,802,1971,1681,834,914,430,430,225,522
"50","Country Club","Bronx","neighborhood",0,0,0,0,0,0,0,0,0,0,0,0,0,0,0,0,0,0,0,0,0,0,0,0,0,0,0,0,0,0
"51","Crotona Park East","Bronx","neighborhood",0,0,0,1190,1202,505,0,0,0,0,0,0,0,0,0,0,0,0,0,0,0,0,0,0,0,0,0,0,0,0
"52","Crown Heights","Brooklyn","neighborhood",2390,2369,2444,2506,2449,2378,1653,1709,1792,1846,1773,1744,1894,1977,2030,2081,2037,1950,2314,2323,2374,2446,2383,2315,2907,2872,2978,2950,2894,2870
"53","DUMBO","Brooklyn","neighborhood",4472,4488,4421,4676,4575,4274,2633,2302,2364,1837,2842,2233,3835,3704,3935,4127,3978,4006,5369,5440,5633,5781,5570,5913,6772,10953,5800,7325,6001,5163
"54","Ditmas Park","Brooklyn","neighborhood",1946,2015,2123,2244,2138,2017,637,1519,1547,1599,1362,1594,1730,1744,1729,1825,1807,1778,2054,2148,2301,2324,2325,2197,2656,2667,2728,2698,2920,2608
"55","Douglaston","Queens","neighborhood",0,200,0,0,200,0,0,0,0,0,0,0,0,0,0,0,0,0,0,0,0,0,0,0,0,0,0,0,0,0
"56","Downtown Brooklyn","Brooklyn","neighborhood",3128,3140,3355,3464,3159,3492,2508,2482,2589,2723,2435,2719,3052,3082,3319,3448,3126,3468,3969,4141,4382,4602,4303,4566,5765,6425,5512,5401,4144,6854
"57","Dyker Heights","Brooklyn","neighborhood",2119,2062,2057,2019,2102,1989,0,0,0,0,0,0,367,623,1290,1459,689,1571,2039,1590,1961,1543,1394,2062,2233,2202,2440,2429,1800,2370
"58","East Brooklyn","Brooklyn","submarket",2441,2423,2488,2555,2477,2471,1717,1766,1904,1952,1896,1898,1974,2031,2114,2226,2171,2114,2326,2318,2383,2480,2387,2354,2922,2877,2868,2966,2853,2800
"59","East Elmhurst","Queens","neighborhood",0,0,406,0,927,245,0,0,0,0,0,0,0,0,0,0,0,0,0,0,0,0,0,0,0,0,0,0,0,0
"60","East Flatbush","Brooklyn","neighborhood",1868,1993,2150,2142,2174,2152,1075,350,1094,998,1582,1633,1502,1617,1673,1749,1849,1834,1842,1989,2062,2134,2178,2187,2347,2426,2553,2581,2696,2616
"61","East Harlem","Manhattan","neighborhood",2344,2368,2297,2401,2318,2176,1743,1802,1790,1827,1732,1701,2113,2190,2031,2111,2024,1946,2473,2522,2462,2502,2395,2281,3188,3166,3125,3247,3069,2790
"62","East New York","Brooklyn","neighborhood",1942,1987,2137,2158,2184,2152,0,0,0,0,0,0,359,1515,1215,1736,1302,1562,1756,1816,1893,1994,2006,1946,2229,2235,2306,2340,2404,2372
"63","East Tremont","Bronx","neighborhood",635,1556,1650,1443,1328,1357,0,0,0,0,0,0,0,0,0,262,256,0,0,0,153,0,0,199,0,0,548,540,0,515
"64","East Village","Manhattan","neighborhood",3171,3133,3235,3358,3028,3020,2276,2236,2223,2316,2136,2124,2798,2741,2733,2874,2664,2678,3539,3449,3590,3655,3292,3384,4916,4913,4986,5161,4730,4892
"65","Eastchester","Bronx","neighborhood",0,0,0,0,0,0,0,0,0,0,0,0,0,0,0,0,0,0,0,0,0,0,0,0,0,0,0,0,0,0
"66","Edenwald","Bronx","neighborhood",0,0,0,0,0,0,0,0,0,0,0,0,0,0,0,0,0,0,0,0,0,0,0,0,0,0,0,0,0,0
"67","Elmhurst","Queens","neighborhood",1825,1973,1917,1962,1944,1842,1241,1459,1538,1590,1301,1485,1749,1774,1810,1850,1861,1795,2184,2183,2072,2273,2236,2342,948,2210,2699,2688,2433,2642
"68","Financial District","Manhattan","neighborhood",3585,3616,3664,3771,3430,3709,2891,2841,2936,3087,2712,2883,3767,3772,3912,4024,3676,3967,5331,5198,5140,5304,5012,5744,7102,6426,6747,6113,6161,6481
"69","Flatbush","Brooklyn","neighborhood",1889,1982,2082,2219,2235,2182,1298,1419,1569,1627,1743,1683,1593,1659,1753,1855,1999,1906,1963,1999,2128,2245,2264,2270,2386,2479,2588,2618,2596,2628
"70","Flatiron","Manhattan","neighborhood",4768,4645,4614,4933,4317,4806,3200,3216,3267,3317,2929,3078,4492,4449,4466,4777,4211,4857,7030,7047,7195,7210,6503,7537,11472,11239,10980,11141,10242,10298
"71","Flatlands","Brooklyn","neighborhood",150,529,1148,1225,357,765,0,0,0,0,0,0,0,0,0,0,0,0,0,0,0,0,0,0,0,0,0,208,0,0
"72","Floral Park","Queens","neighborhood",0,0,0,0,0,0,0,0,0,0,0,0,0,0,0,0,0,0,0,0,0,0,0,0,0,0,0,0,0,0
"73","Flushing","Queens","neighborhood",1995,2070,1923,1915,2030,1966,1214,1526,1427,1614,1555,1525,1667,1747,1742,1788,1782,1755,2200,2286,2280,2232,2208,2255,2577,2223,2661,2640,2330,2673
"74","Fordham","Bronx","neighborhood",1496,1738,1804,1769,1700,1810,0,0,0,0,0,0,1335,1183,1405,1538,1189,945,827,1055,1068,1076,164,1171,0,873,794,1978,192,0
"75","Forest Hills","Queens","neighborhood",2171,2074,2019,2126,2042,2009,1544,1548,1569,1631,1614,1598,1875,1880,1890,1950,1940,1895,2393,2450,2469,2443,2505,2429,3302,3402,3446,3665,3554,3488
"76","Fort Greene","Brooklyn","neighborhood",2806,2842,2860,3161,3005,3012,2189,2514,2401,2557,2380,2460,2635,2703,2834,3040,2933,3160,3270,3344,3266,4097,3729,3483,4202,4385,4271,4595,4171,3782
"77","Fresh Meadows","Queens","neighborhood",0,1065,0,182,0,0,0,0,0,0,0,0,0,0,0,0,0,0,0,0,0,0,0,0,0,0,0,0,0,0
"78","Gerritsen Beach","Brooklyn","neighborhood",0,0,0,0,0,0,0,0,0,0,0,0,0,0,0,0,0,0,0,0,0,0,0,0,0,0,0,0,0,0
"79","Glen Oaks","Queens","neighborhood",0,0,167,0,176,0,0,0,0,0,0,0,0,0,0,0,0,0,0,0,0,0,0,0,0,0,0,0,0,0
"80","Glendale","Queens","neighborhood",1937,2033,2069,2135,2212,2075,0,0,0,0,0,0,125,400,133,427,724,669,1719,1956,1972,2022,1549,1630,1699,1701,2166,2362,2408,2307
"81","Gowanus","Brooklyn","neighborhood",3150,2901,2925,3066,2861,2820,1247,2276,2530,2619,2303,2628,2917,2750,2792,2931,2754,2821,3156,2992,3166,3160,3106,2824,4009,3616,3626,2889,3500,3498
"82","Gramercy Park","Manhattan","neighborhood",3568,3452,3559,3920,3427,3238,2710,2679,2767,2865,2544,2497,3598,3450,3502,3807,3407,3387,4147,4112,4229,4471,4131,3625,6009,5466,5625,6106,5162,5116
"83","Gravesend","Brooklyn","neighborhood",1816,1790,1794,1793,1816,1789,429,442,452,241,245,885,1592,1618,1636,1662,1675,1688,1914,1978,2017,1979,1782,2015,2275,1383,2472,2036,1557,2422
"84","Greenpoint","Brooklyn","neighborhood",2803,2778,2800,3030,2938,3010,2048,2106,2321,2567,2462,2754,2482,2475,2423,2652,2603,2466,2780,2701,2776,3118,3004,2939,3739,3730,3699,3843,3845,3934
"85","Greenwich Village","Manhattan","neighborhood",3864,3659,3725,4097,3531,3521,2877,2691,2753,2883,2581,2531,3789,3688,3694,3972,3565,3686,5596,5013,5266,5890,5189,5006,15162,14652,12499,13458,10732,9980
"86","Greenwood","Brooklyn","neighborhood",2206,2318,2456,2424,2367,2199,171,1668,2424,2427,2362,1624,1946,2043,2083,2018,2086,1972,2283,2275,2456,2426,2344,2219,2488,3069,3104,2625,3352,2854
"87","Hamilton Heights","Manhattan","neighborhood",2380,2414,2429,2482,2438,2306,1619,1621,1689,1702,1597,1694,1864,1925,1913,2001,2004,1942,2333,2322,2387,2438,2330,2232,3119,3100,3184,3270,3099,3034
"88","Highbridge","Bronx","neighborhood",1557,1744,1851,1854,1873,1822,0,0,0,129,0,160,112,374,0,691,712,1418,283,610,1066,1051,483,980,0,0,375,192,0,0
"89","Hillcrest","Queens","neighborhood",0,1015,831,1162,242,0,0,0,0,0,0,0,0,0,0,0,0,0,0,0,0,0,0,0,0,658,0,0,0,0
"90","Hollis","Queens","neighborhood",0,0,0,0,0,497,0,0,0,0,0,0,0,0,0,0,0,162,0,0,0,0,0,0,0,0,0,0,0,0
"91","Howard Beach","Queens","neighborhood",0,490,650,0,0,190,0,0,0,0,0,0,0,0,0,0,0,0,0,0,0,0,0,0,0,0,0,0,0,0
"92","Hunts Point","Bronx","neighborhood",0,452,135,0,0,0,0,0,0,0,0,0,0,0,0,0,0,0,0,0,0,0,0,0,0,0,0,0,0,0
"93","Inwood","Manhattan","neighborhood",1849,1830,1914,1979,1960,1879,373,972,379,1209,815,1295,1645,1684,1757,1804,1797,1769,2128,2120,2231,2279,2246,2213,2658,2710,2736,2820,2188,2724
"94","Jackson Heights","Queens","neighborhood",1850,1873,1888,1948,1973,1864,1272,1513,1589,1581,1615,1552,1749,1758,1786,1828,1823,1795,2204,2217,2225,2274,2328,2258,1776,2417,2626,2647,2782,2790
"95","Jamaica","Queens","neighborhood",1582,1989,2132,2160,2103,2223,0,305,0,1751,1593,1882,304,1268,1000,1977,1934,2223,0,1458,1088,1617,1813,3035,0,231,576,462,0,1811
"96","Jamaica Estates","Queens","neighborhood",1708,2052,2076,1810,1776,1924,116,121,0,125,0,155,817,138,448,0,598,748,579,198,414,0,400,0,0,304,375,0,0,0
"97","Jamaica Hills","Queens","neighborhood",134,920,400,970,590,1677,0,0,0,0,0,0,0,0,0,0,0,0,0,0,0,0,0,0,0,0,0,0,0,0
"98","Kensington","Brooklyn","neighborhood",2080,2001,2082,2162,2087,1960,1152,1233,1395,1437,1453,1530,1704,1713,1749,1796,1798,1760,2200,2188,2239,2258,2249,2195,2834,2648,2759,2804,2948,2861
"99","Kew Gardens","Queens","neighborhood",1912,1923,1904,1931,1874,1867,1491,857,1372,1395,1556,1530,1783,1782,1762,1807,1801,1783,2325,2179,2227,2313,2286,2279,456,2225,1558,2766,1692,2308
"100","Kew Gardens Hills","Queens","neighborhood",1955,1936,1940,1925,1927,1956,0,0,0,0,0,0,1063,1609,1620,1650,1166,756,1460,1972,1999,2006,1721,614,0,246,0,0,0,0
"101","Kingsbridge","Bronx","neighborhood",1774,1724,1773,1819,1816,1816,0,0,0,0,0,145,1474,1521,1550,1636,1677,1649,1905,1956,1964,2069,1927,2204,1508,2275,1704,2148,0,1095
"102","Laconia","Bronx","neighborhood",0,0,0,0,0,0,0,0,0,0,0,0,0,0,0,0,0,0,0,0,0,0,0,0,0,0,0,0,0,0
"103","Laurelton","Queens","neighborhood",0,0,0,0,346,0,0,0,0,0,0,0,0,0,0,0,0,0,0,0,0,0,0,0,0,0,0,0,0,0
"104","Little Italy","Manhattan","neighborhood",3164,2875,2895,3318,3050,2666,1121,1683,1338,1920,1778,1899,2561,2507,2441,2744,2533,2385,3412,3294,3547,3427,3331,2897,5860,3204,3230,5454,3759,4232
"105","Little Neck","Queens","neighborhood",0,429,0,208,0,0,0,0,0,0,0,0,0,0,0,0,0,0,0,0,0,0,0,0,0,250,0,0,0,0
"106","Long Island City","Queens","neighborhood",3062,2972,3034,3213,3043,3165,2444,2382,2434,2613,2497,2572,3019,2982,3046,3216,3033,3172,4039,3911,3949,4214,4014,4363,5363,5114,5138,5312,4883,5636
"107","Longwood","Bronx","neighborhood",0,412,441,1018,506,0,0,0,0,0,0,0,0,0,0,0,0,0,0,0,0,0,0,0,0,0,0,0,0,0
"108","Lower East Side","Manhattan","neighborhood",3126,3066,3193,3478,3259,3081,2259,2244,2157,2381,2237,2225,2651,2570,2653,2932,2734,2682,3332,3288,3337,3572,3344,3137,4804,4416,4724,5044,4634,4412
"109","Manhattan","Manhattan","borough",3333,3267,3262,3434,3153,2958,2491,2464,2441,2532,2324,2220,3242,3173,3134,3324,3064,2906,4090,3975,3910,4047,3865,3596,5755,5587,5354,5723,5292,4584
"110","Manhattan Beach","Brooklyn","neighborhood",342,208,0,0,0,0,0,0,0,0,0,0,0,0,0,0,0,0,0,0,0,0,0,0,0,0,0,0,0,0
"111","Marble Hill","Manhattan","neighborhood",0,553,1449,1095,387,1322,0,0,0,0,0,0,0,0,0,0,0,0,0,197,0,175,0,0,0,0,0,0,0,0
"112","Marine Park","Brooklyn","neighborhood",1006,1295,1146,868,346,610,0,0,0,0,0,0,0,0,0,0,0,0,0,0,0,0,346,0,0,0,442,0,0,0
"113","Maspeth","Queens","neighborhood",2031,2107,2115,2117,2105,2111,0,0,0,0,0,0,380,1476,1214,1241,1163,1664,1993,2027,1992,2040,2064,2088,1992,2406,2473,2424,2493,2532
"114","Melrose","Bronx","neighborhood",0,1112,738,1907,809,1142,0,0,0,0,0,0,0,0,117,0,183,0,0,0,0,643,150,0,0,179,0,0,0,0
"115","Middle Village","Queens","neighborhood",1946,1979,1930,2183,2048,2097,0,0,0,0,0,0,0,0,0,427,277,1034,331,650,1037,898,517,648,0,577,192,1221,427,1448
"116","Midtown","Manhattan","neighborhood",4003,4007,3914,4117,3729,3891,2908,2835,2810,2908,2588,2619,3751,3652,3648,3846,3414,3641,6120,5786,5716,6022,5350,5935,11851,9910,9427,10799,10662,13290
"117","Midtown East","Manhattan","neighborhood",3370,3320,3364,3495,3108,3157,2394,2375,2439,2509,2271,2241,3341,3310,3327,3474,3113,3230,4463,4378,4340,4314,3930,4474,6591,6350,6086,6504,5423,6171
"118","Midtown South","Manhattan","neighborhood",3945,3891,3797,4021,3573,3832,3133,3071,2867,2930,2732,2794,4028,3972,3872,4112,3706,4093,6600,6276,5466,6213,5255,5810,6799,6158,6505,5319,3368,5384
"119","Midtown West","Manhattan","neighborhood",3387,3365,3424,3583,3185,3240,2623,2648,2663,2845,2497,2492,3369,3365,3404,3586,3166,3299,4585,4569,4572,4834,4370,4377,5465,5624,5310,5223,4557,4806
"120","Midwood","Brooklyn","neighborhood",1806,1812,1789,1935,1974,1924,556,1251,1428,1540,1492,1487,1567,1604,1658,1708,1770,1701,1957,2070,2034,2148,2238,2260,2547,2619,2479,2602,2652,2695
"121","Mill Basin","Brooklyn","neighborhood",0,0,200,0,0,0,0,0,0,0,0,0,0,0,0,0,0,0,0,0,0,0,0,0,0,0,0,0,0,0
"122","Morningside Heights","Manhattan","neighborhood",3237,3087,3026,3124,3094,3274,1647,1491,1529,2235,2240,2302,3016,2760,2692,3062,2820,2883,3089,2872,2934,3050,3240,3160,3840,3667,3545,3558,3938,3902
"123","Morris Heights","Bronx","neighborhood",1340,1476,854,1703,1569,717,0,0,0,0,0,0,482,1039,0,0,146,0,283,0,0,344,329,0,0,0,0,392,0,0
"124","Morris Park","Bronx","neighborhood",1479,1598,1802,1742,1695,1635,439,0,0,0,0,0,1477,1560,1064,679,436,351,1595,632,1326,462,365,0,0,0,0,608,0,0
"125","Morrisania","Bronx","neighborhood",296,0,927,1275,305,202,0,0,0,0,0,0,0,0,0,0,0,0,0,0,0,156,0,0,0,0,183,546,0,0
"126","Mott Haven","Bronx","neighborhood",2019,2013,2162,2282,2258,2350,0,133,415,1606,1548,1947,682,1837,1916,2176,2094,2234,1717,1894,2042,2385,2466,2706,1831,1730,2204,1966,1009,1413
"127","NYC","NYC","city",2901,2765,2732,2846,2768,2591,2382,2324,2301,2382,2230,2104,2785,2622,2561,2651,2637,2416,3061,2855,2814,2931,2929,2664,3678,3480,3349,3509,3501,3152
"128","New Hyde Park","Queens","neighborhood",0,0,0,0,0,0,0,0,0,0,0,0,0,0,0,0,0,0,0,0,0,0,0,0,0,0,0,0,0,0
"129","Nolita","Manhattan","neighborhood",3749,3671,3624,3736,3375,3314,2148,2683,2911,2475,2102,1541,3404,3253,3209,3348,2975,2984,4141,4091,4198,4129,3723,3609,6138,5766,6212,5794,5396,4798
"130","North Brooklyn","Brooklyn","submarket",3072,2986,2937,3273,3125,3132,2637,2588,2470,2724,2633,2850,2885,2773,2681,2935,2864,2723,3103,2954,2930,3282,3111,3024,3839,3790,3665,4156,3829,3895
"131","North Corona","Queens","neighborhood",274,896,1432,1457,851,1433,0,0,0,0,0,0,138,0,263,0,0,182,0,0,0,0,0,0,0,0,0,0,0,0
"132","Northeast Queens","Queens","submarket",1954,1976,1963,1957,1955,1885,1434,1472,1525,1577,1537,1500,1712,1704,1729,1782,1775,1755,2122,2128,2156,2172,2217,2216,2608,2636,2594,2668,2666,2631
"133","Northwest Brooklyn","Brooklyn","submarket",3027,2982,3087,3294,3104,3071,2352,2352,2447,2566,2339,2450,2776,2776,2860,3095,2888,2982,3450,3407,3545,3936,3813,3782,4630,4635,4691,5086,4715,4274
"134","Northwest Queens","Queens","submarket",2441,2335,2308,2428,2378,2229,2191,2068,2180,2275,2107,1969,2196,2034,2015,2165,2148,1950,2491,2401,2374,2438,2410,2280,3052,2989,2917,2983,2937,2845
"135","Norwood","Bronx","neighborhood",1436,1533,1625,1654,1684,1700,216,0,0,221,0,0,1380,1315,745,1559,512,800,1263,562,756,1101,483,395,175,0,0,0,0,0
"136","Oakland Gardens","Queens","neighborhood",1608,1667,331,650,710,1798,0,0,0,0,0,0,146,562,0,0,0,347,0,0,0,0,0,1059,0,0,0,0,0,530
"137","Ocean Parkway","Brooklyn","neighborhood",0,0,0,0,0,0,0,0,0,0,0,0,0,0,0,0,0,0,0,0,0,0,0,0,0,0,0,0,0,0
"138","Old Mill Basin","Brooklyn","neighborhood",0,0,0,0,0,0,0,0,0,0,0,0,0,0,0,0,0,0,0,0,0,0,0,0,0,0,0,0,0,0
"139","Ozone Park","Queens","neighborhood",0,0,769,301,0,0,0,0,0,0,0,0,0,0,0,0,0,0,0,0,0,167,0,0,0,0,0,0,0,0
"140","Park Slope","Brooklyn","neighborhood",2850,2787,2874,2999,2945,2782,1904,1981,2138,2212,2050,2065,2508,2474,2507,2620,2500,2528,3008,2937,3086,3216,3187,3048,4361,4098,4487,4490,4404,4080
"141","Parkchester","Bronx","neighborhood",1050,1586,1350,1325,802,1068,0,0,0,0,0,0,340,803,1210,772,0,474,574,737,0,166,0,407,0,0,0,0,0,0
"142","Pelham Bay","Bronx","neighborhood",619,1281,1316,703,280,1190,0,0,0,0,0,0,250,246,425,140,0,339,0,0,342,0,0,0,0,0,0,0,0,0
"143","Pelham Gardens","Bronx","neighborhood",614,296,156,0,0,0,0,0,0,0,0,0,0,0,0,0,0,0,0,0,0,0,0,0,0,0,0,0,0,0
"144","Pelham Parkway","Bronx","neighborhood",0,0,618,900,1897,1289,0,0,0,0,0,0,0,0,0,127,1124,680,0,0,0,0,517,200,0,0,0,0,0,0
"145","Pomonok","Queens","neighborhood",158,367,0,0,0,347,0,0,0,0,0,0,0,0,0,0,0,0,0,0,0,0,0,0,0,0,0,0,0,0
"146","Port Morris","Bronx","neighborhood",0,0,0,0,0,0,0,0,0,0,0,0,0,0,0,0,0,0,0,0,0,0,0,0,0,0,0,0,0,0
"147","Prospect Heights","Brooklyn","neighborhood",2816,2853,2937,3081,2956,2867,1652,2137,2225,2433,2240,2348,2460,2616,2571,2601,2638,2635,3012,2979,3206,3310,3134,3166,4089,3957,4161,4335,3941,3780
"148","Prospect Lefferts Gardens","Brooklyn","neighborhood",2064,2137,2289,2343,2285,2209,1509,1530,1602,1729,1690,1603,1793,1793,1909,1958,1893,1828,2222,2245,2367,2469,2385,2323,2735,2843,2996,2970,2950,2867
"149","Prospect Park","Brooklyn","submarket",2629,2604,2612,2726,2657,2555,1829,1901,1946,2034,1898,1945,2353,2320,2318,2394,2368,2339,2825,2762,2805,2908,2885,2763,3817,3642,3636,3683,3688,3284
"150","Prospect Park South","Brooklyn","neighborhood",2084,2036,2088,2187,2118,2086,1608,1539,1566,1624,1503,1531,1836,1756,1841,1888,1851,1895,2141,2107,2174,2278,2232,2192,2633,2588,2666,2657,2678,2772
"151","Queens","Queens","borough",2264,2217,2206,2262,2247,2128,1701,1669,1694,1700,1686,1644,1954,1895,1898,1946,1947,1864,2345,2320,2294,2356,2335,2275,2904,2822,2779,2842,2810,2730
"152","Queens Village","Queens","neighborhood",458,306,150,0,529,572,0,0,0,0,0,0,0,0,0,0,0,0,0,0,0,0,0,0,0,0,0,0,0,0
"153","Red Hook","Brooklyn","neighborhood",2855,2712,2678,2726,2604,2400,0,819,442,208,0,0,757,998,1422,1812,1504,1904,2745,2798,2655,2572,2256,1855,2174,2158,1371,2061,1712,602
"154","Rego Park","Queens","neighborhood",2216,2148,2054,2082,2017,1989,1810,1675,1584,1626,1631,1593,1960,1891,1846,1902,1881,1845,2388,2556,2357,2431,2393,2367,2953,2859,3132,3148,2234,2785
"155","Richmond Hill","Queens","neighborhood",381,558,1046,1178,767,1831,0,0,0,0,0,0,117,127,0,271,0,1005,0,0,0,0,0,0,0,0,0,0,0,0
"156","Ridgewood","Queens","neighborhood",2450,2464,2495,2512,2430,2370,0,0,974,321,939,1857,1779,1859,1960,1925,1963,1969,2062,2134,2154,2266,2252,2172,2883,2782,2767,2848,2742,2655
"157","Riverdale","Bronx","neighborhood",2143,2088,2237,2254,2392,2382,1292,1437,1470,1534,1355,1660,1808,1801,1846,1880,1906,1950,2386,2402,2445,2360,2565,2568,3146,3291,3055,3194,3459,3573
"158","Rockaway All","Queens","neighborhood",1746,1789,2018,1975,1894,2015,0,0,244,119,0,0,1184,1077,1221,1663,1666,1032,1178,1540,2140,1868,1220,2240,866,1174,2337,2367,2214,1635
"159","Roosevelt Island","Manhattan","neighborhood",3353,3094,3293,3467,3248,3173,2181,2057,2351,1311,2223,2615,3021,2940,2807,3101,3002,3074,4002,3380,4010,4136,4008,4318,942,1752,4341,3410,3785,4624
"160","Rosedale","Queens","neighborhood",0,0,0,0,0,0,0,0,0,0,0,0,0,0,0,0,0,0,0,0,0,0,0,0,0,0,0,0,0,0
"161","Schuylerville","Bronx","neighborhood",0,0,0,0,0,0,0,0,0,0,0,0,0,0,0,0,0,0,0,0,0,0,0,0,0,0,0,0,0,0
"162","Seagate","Brooklyn","neighborhood",0,0,0,0,0,0,0,0,0,0,0,0,0,0,0,0,0,0,0,0,0,0,0,0,0,0,0,0,0,0
"163","Sheepshead Bay","Brooklyn","neighborhood",1809,1881,1864,1870,1991,1886,642,1279,1452,1450,1548,1558,1578,1654,1662,1700,1717,1687,2035,2117,2038,2159,2357,2170,2429,2329,2535,2574,2726,2834
"164","Soho","Manhattan","neighborhood",4942,5047,5340,5511,4473,4776,2559,2630,2588,2834,2566,2459,3403,3355,3539,3663,3502,3298,7746,7381,7554,8226,7076,7407,13679,12959,13738,15201,10105,12469
"165","Soundview","Bronx","neighborhood",1221,1568,1852,1801,1890,1970,0,0,0,0,0,0,240,234,244,502,136,0,154,0,157,162,0,0,0,0,0,392,0,0
"166","South Brooklyn","Brooklyn","submarket",1969,1983,2029,2077,2104,1984,1402,1478,1522,1565,1639,1556,1627,1658,1692,1732,1783,1725,2029,2076,2131,2205,2212,2175,2483,2486,2527,2568,2615,2588
"167","South Jamaica","Queens","neighborhood",0,0,0,0,0,0,0,0,0,0,0,0,0,0,0,0,0,0,0,0,0,0,0,0,0,0,0,0,0,0
"168","South Ozone Park","Queens","neighborhood",0,0,0,0,0,0,0,0,0,0,0,0,0,0,0,0,0,0,0,0,0,0,0,0,0,0,0,0,0,0
"169","South Queens","Queens","submarket",1772,1904,1933,1982,2028,2053,1138,1499,1496,1638,1629,1771,1584,1655,1680,1740,1808,1829,2008,2033,2067,2120,2174,2307,2467,2483,2468,2509,2615,2647
"170","South Richmond Hill","Queens","neighborhood",0,0,0,0,0,0,0,0,0,0,0,0,0,0,0,0,0,0,0,0,0,0,0,0,0,0,0,0,0,0
"171","Springfield Gardens","Queens","neighborhood",0,0,0,0,0,0,0,0,0,0,0,0,0,0,0,0,0,0,0,0,0,0,0,0,0,0,0,0,0,0
"172","St. Albans","Queens","neighborhood",0,0,0,277,0,0,0,0,0,0,0,0,0,0,0,0,0,0,0,0,0,0,0,0,0,0,0,0,0,0
"173","Staten Island","Staten Island","borough",1989,1928,1885,2018,1927,1919,868,905,1664,1463,411,352,1618,1541,1620,1811,1083,1627,1803,1929,1962,2156,1584,1619,2206,1743,2312,2108,1308,2068
"174","Stuyvesant Town/PCV","Manhattan","neighborhood",4107,4261,3894,3852,3895,3902,0,0,0,0,0,0,3511,3546,3278,3645,3269,3235,4982,4818,4014,3434,2347,3638,5764,4608,3572,792,3197,1967
"175","Sunnyside","Queens","neighborhood",2000,1984,1976,2008,1985,1870,1594,1572,1625,1633,1621,1584,1913,1862,1867,1910,1877,1809,2380,2303,2220,2327,2326,2182,2940,2862,2619,2903,2874,2739
"176","Sunset Park","Brooklyn","neighborhood",2013,2026,2041,2068,2015,1934,0,1197,1656,1309,1169,791,1673,1677,1710,1709,1734,1664,1982,2004,2044,2109,2065,2014,2466,2429,2411,2475,2464,2339
"177","The Rockaways","Queens","submarket",1746,1789,2018,1975,1894,2015,0,0,244,119,0,0,1184,1077,1221,1663,1666,1032,1178,1540,2140,1868,1220,2240,866,1174,2337,2367,2214,1635
"178","Throgs Neck","Bronx","neighborhood",694,1418,1814,1672,192,2052,0,0,0,0,0,0,0,0,0,0,0,0,0,0,0,154,0,0,0,0,192,196,0,0
"179","Tremont","Bronx","neighborhood",1548,1583,1749,1536,1574,1659,0,0,0,227,0,429,662,572,266,933,985,1476,423,588,744,794,0,188,0,0,179,0,0,0
"180","Tribeca","Manhattan","neighborhood",7458,7082,6739,6811,6803,6474,3687,3482,3859,3983,3401,4043,4837,4471,4656,4958,4854,4802,8336,7618,7930,7829,7974,8411,16737,16188,14669,16682,16320,17224
"181","University Heights","Bronx","neighborhood",1462,1583,1680,1737,1687,1745,0,0,0,0,0,0,1014,1084,1114,1439,1352,1592,0,0,146,1105,0,1154,0,325,0,544,0,0
"182","Upper East Side","Manhattan","neighborhood",2979,2960,2912,3057,2881,2570,2123,2088,2094,2156,2042,1896,2831,2811,2799,2920,2770,2522,3808,3858,3679,4015,3816,3325,8553,8146,7924,8632,8227,7044
"183","Upper West Side","Manhattan","neighborhood",3450,3348,3334,3482,3171,3092,2328,2289,2276,2349,2149,2114,3191,3101,3096,3287,2985,2916,4726,4507,4586,4535,4351,4534,8272,7616,7093,7229,6914,6517
"184","Utopia","Queens","neighborhood",0,0,0,0,0,0,0,0,0,0,0,0,0,0,0,0,0,0,0,0,0,0,0,0,0,0,0,0,0,0
"185","Van Nest","Bronx","neighborhood",446,0,598,0,0,0,0,0,0,0,0,0,0,0,0,0,0,0,0,0,0,0,0,0,0,0,0,0,0,0
"186","Wakefield","Bronx","neighborhood",1439,1131,1058,1485,508,1852,0,0,0,0,0,0,1309,235,0,0,0,0,0,0,0,0,0,190,0,0,181,571,0,0
"187","Washington Heights","Manhattan","neighborhood",2169,2169,2188,2214,2180,2106,1529,1608,1640,1694,1685,1625,1733,1787,1816,1854,1855,1825,2211,2259,2263,2314,2263,2214,2935,2905,2893,2957,2781,2756
"188","West Harlem","Manhattan","neighborhood",2536,2559,2602,2502,2438,2332,126,0,1079,614,287,173,1619,1817,2246,2116,1814,1928,2162,2373,2592,2568,2408,2257,3139,3203,3276,3354,3011,2774
"189","West Village","Manhattan","neighborhood",3796,3658,3798,4018,3644,3632,2837,2834,2862,2981,2720,2604,3693,3552,3753,3835,3555,3607,4634,4605,4624,4888,4467,4354,9695,7434,8117,9553,7730,6822
"190","Westchester Village","Bronx","neighborhood",0,0,0,0,0,0,0,0,0,0,0,0,0,0,0,0,0,0,0,0,0,0,0,0,0,0,0,0,0,0
"191","Whitestone","Queens","neighborhood",1758,1570,1440,2297,1204,1589,0,0,0,0,0,0,0,0,0,0,0,0,0,0,171,0,175,0,821,1017,0,0,0,1265
"192","Williamsbridge","Bronx","neighborhood",135,983,1093,1679,941,1298,0,0,0,0,0,0,0,0,0,123,0,0,0,0,0,0,0,0,0,0,0,0,0,0
"193","Williamsburg","Brooklyn","neighborhood",3160,3056,2965,3322,3165,3168,2650,2616,2484,2754,2662,2852,2995,2893,2756,3038,2941,2817,3239,3093,2973,3352,3146,3040,3882,3836,3660,4253,3815,3902
"194","Windsor Terrace","Brooklyn","neighborhood",2517,2515,2541,2672,2657,2525,139,770,634,165,979,1155,2130,2123,2205,2315,2314,2189,2760,2723,2752,2978,2985,2920,3278,2757,3288,2870,2158,3211
"195","Woodhaven","Queens","neighborhood",552,1710,1851,1787,1589,2004,0,0,0,0,0,0,0,404,267,871,582,168,0,330,0,0,0,631,0,0,0,0,0,0
"196","Woodlawn","Bronx","neighborhood",0,281,0,138,142,0,0,0,0,0,0,0,0,0,0,138,0,0,0,0,0,0,0,0,0,0,0,0,0,0
"197","Woodside","Queens","neighborhood",1840,1919,1895,1939,1918,1826,342,1314,1379,1159,1270,1476,1678,1725,1757,1790,1783,1736,2192,2152,2132,2263,2021,2132,1802,2452,2727,2474,2810,2602
"198","Woodstock","Bronx","neighborhood",0,782,1500,1608,1286,1616,0,0,0,0,0,0,0,0,0,275,0,0,0,0,291,968,325,705,0,0,375,183,0,0
